epoch,step,test_dice_epoch,test_dice_step,test_fpr_epoch,test_fpr_step,test_loss_epoch,test_loss_step,test_mean_iou_epoch,test_mean_iou_step,test_precision_epoch,test_precision_step,test_tpr_recall_epoch,test_tpr_recall_step
,0,,0.5871193408966064,,0.0063173770904541016,,0.41327542066574097,,0.4155476987361908,,0.6547884345054626,,0.5321267247200012
0,0,0.5871193408966064,,0.0063173770904541016,,0.41327542066574097,,0.4155476987361908,,0.6547884345054626,,0.5321267247200012,
