epoch,step,test_dice_epoch,test_dice_step,test_fpr_epoch,test_fpr_step,test_loss_epoch,test_loss_step,test_mean_iou_epoch,test_mean_iou_step,test_precision_epoch,test_precision_step,test_tpr_recall_epoch,test_tpr_recall_step
,0,,0.8090254664421082,,0.004194625187665224,,0.19198918342590332,,0.6912357211112976,,0.786489725112915,,0.8038041591644287
0,0,0.8090254664421082,,0.004194625187665224,,0.19198918342590332,,0.6912357211112976,,0.786489725112915,,0.8038041591644287,
