epoch,step,test_dice_epoch,test_dice_step,test_fpr_epoch,test_fpr_step,test_loss_epoch,test_loss_step,test_mean_iou_epoch,test_mean_iou_step,test_precision_epoch,test_precision_step,test_tpr_recall_epoch,test_tpr_recall_step
,0,,0.9048625826835632,,0.00823475606739521,,0.09683758020401001,,0.8262548446655273,,0.8946488499641418,,0.9153122305870056
0,0,0.9048625826835632,,0.00823475606739521,,0.09683758020401001,,0.8262548446655273,,0.8946488499641418,,0.9153122305870056,
