epoch,step,test_dice_epoch,test_dice_step,test_fpr_epoch,test_fpr_step,test_loss_epoch,test_loss_step,test_mean_iou_epoch,test_mean_iou_step,test_precision_epoch,test_precision_step,test_tpr_recall_epoch,test_tpr_recall_step
,0,,0.9048625826835632,,0.00823475606739521,,0.09683758020401001,,0.8262548446655273,,0.8946488499641418,,0.9153122305870056
,1,,0.5446009635925293,,0.0013556666672229767,,0.45629173517227173,,0.37419354915618896,,0.5631067752838135,,0.5272727012634277
,2,,0.9254571199417114,,0.0012136659352108836,,0.0761762261390686,,0.8612565398216248,,0.8915989398956299,,0.9619883298873901
,3,,0.8321579694747925,,0.000698812014888972,,0.1673893928527832,,0.7125604152679443,,0.9276729822158813,,0.7544757127761841
,4,,0.9224599003791809,,0.0010870221303775907,,0.08027786016464233,,0.8560793995857239,,0.9055117964744568,,0.9400544762611389
,5,,0.8495298027992249,,0.0019609646406024694,,0.14974993467330933,,0.7384195923805237,,0.8089552521705627,,0.8943894505500793
0,0,0.8298447728157043,,0.002425147918984294,,0.17112044990062714,,0.7281274199485779,,0.8319157958030701,,0.832248866558075,
