epoch,step,test_dice_epoch,test_dice_step,test_fpr_epoch,test_fpr_step,test_loss_epoch,test_loss_step,test_mean_iou_epoch,test_mean_iou_step,test_precision_epoch,test_precision_step,test_tpr_recall_epoch,test_tpr_recall_step
,0,,0.8724619150161743,,0.0007695514359511435,,0.12863463163375854,,0.7737760543823242,,0.982844889163971,,0.7843696475028992
0,0,0.8724619150161743,,0.0007695514359511435,,0.12863463163375854,,0.7737760543823242,,0.982844889163971,,0.7843696475028992,
