epoch,step,test_dice_epoch,test_dice_step,test_fpr_epoch,test_fpr_step,test_loss_epoch,test_loss_step,test_mean_iou_epoch,test_mean_iou_step,test_precision_epoch,test_precision_step,test_tpr_recall_epoch,test_tpr_recall_step
,0,,0.8724619150161743,,0.0007695514359511435,,0.12863463163375854,,0.7737760543823242,,0.982844889163971,,0.7843696475028992
,1,,0.8082039952278137,,0.0042943647131323814,,0.19166535139083862,,0.6781395077705383,,0.8398617506027222,,0.7788461446762085
,2,,0.9130434989929199,,0.004212407395243645,,0.08806091547012329,,0.8399999737739563,,0.9303797483444214,,0.8963414430618286
,3,,0.8372092843055725,,0.00018156509031541646,,0.16116780042648315,,0.7200000286102295,,0.8999999761581421,,0.782608687877655
,4,,0.7631745934486389,,0.0019231355981901288,,0.2371152639389038,,0.617043137550354,,0.9051204919815063,,0.6597145795822144
,5,,0.9210386872291565,,0.0008924175053834915,,0.08022749423980713,,0.8536345958709717,,0.967706024646759,,0.8786653280258179
0,0,0.8525219559669495,,0.0020455734338611364,,0.1478119045495987,,0.7470989227294922,,0.9209855198860168,,0.7967576384544373,
