epoch,step,test_dice_epoch,test_dice_step,test_fpr_epoch,test_fpr_step,test_loss_epoch,test_loss_step,test_mean_iou_epoch,test_mean_iou_step,test_precision_epoch,test_precision_step,test_tpr_recall_epoch,test_tpr_recall_step
,0,,0.8493518233299255,,0.005653051659464836,,0.15130603313446045,,0.7381507158279419,,0.8392226099967957,,0.8597285151481628
,1,,0.8859020471572876,,0.003633813699707389,,0.11241942644119263,,0.795174241065979,,0.9286161661148071,,0.8469446301460266
,2,,0.9341408014297485,,0.0014170414069667459,,0.068958580493927,,0.8764204382896423,,0.930618405342102,,0.9376899600028992
,3,,0.9312875270843506,,0.001259832875803113,,0.06859922409057617,,0.8714107275009155,,0.9445196390151978,,0.9184210300445557
,4,,0.8432055711746216,,0.0027168106753379107,,0.15807002782821655,,0.7289156913757324,,0.8907975554466248,,0.8004410266876221
,5,,0.9087340235710144,,0.00179839669726789,,0.09079009294509888,,0.8327338099479675,,0.8869732022285461,,0.9315895438194275
0,0,0.8921036124229431,,0.0027464909944683313,,0.10835722833871841,,0.807134211063385,,0.9034579396247864,,0.882469117641449,
