epoch,step,test_dice_epoch,test_dice_step,test_fpr_epoch,test_fpr_step,test_loss_epoch,test_loss_step,test_mean_iou_epoch,test_mean_iou_step,test_precision_epoch,test_precision_step,test_tpr_recall_epoch,test_tpr_recall_step
,0,,0.8493518233299255,,0.005653051659464836,,0.15130603313446045,,0.7381507158279419,,0.8392226099967957,,0.8597285151481628
0,0,0.8493518233299255,,0.005653051659464836,,0.15130603313446045,,0.7381507158279419,,0.8392226099967957,,0.8597285151481628,
