epoch,step,test_dice_epoch,test_dice_step,test_fpr_epoch,test_fpr_step,test_loss_epoch,test_loss_step,test_mean_iou_epoch,test_mean_iou_step,test_precision_epoch,test_precision_step,test_tpr_recall_epoch,test_tpr_recall_step
,0,,0.8422496318817139,,0.007372529711574316,,0.1572980284690857,,0.7274881601333618,,0.8113107681274414,,0.8756417632102966
0,0,0.8422496318817139,,0.007372529711574316,,0.1572980284690857,,0.7274881601333618,,0.8113107681274414,,0.8756417632102966,
