epoch,step,test_dice_epoch,test_dice_step,test_fpr_epoch,test_fpr_step,test_loss_epoch,test_loss_step,test_mean_iou_epoch,test_mean_iou_step,test_precision_epoch,test_precision_step,test_tpr_recall_epoch,test_tpr_recall_step
,0,,0.8196719884872437,,0.004123221151530743,,0.1817694902420044,,0.7019317150115967,,0.8290622234344482,,0.8886206150054932
0,0,0.8196719288825989,,0.004123221151530743,,0.1817694902420044,,0.7019317150115967,,0.8290622234344482,,0.8886206150054932,
