{
    "total_execution_time_seconds": 165.6274609565735,
    "splits": [
        {
            "split_index": 0,
            "test_samples": [
                "R_006",
                "R_010",
                "R_012",
                "Z_004",
                "Z_013",
                "Z_017"
            ],
            "roc_auc": 0.9856504483874884,
            "testing_iou_thres_0_5": 0.7823822929530947,
            "testing_f1_thres_0_5": 0.8774175340094109,
            "testing_fpr_thres_0_5": 0.004638758659165532,
            "testing_tpr_thres_0_5": 0.8617772124452001,
            "testing_best_thres": 0.16231364011764526,
            "testing_iou_best_thres": 0.7846611268887075,
            "testing_f1_best_thres": 0.8788648759105375,
            "testing_fpr_best_thres": 0.004996165401358167,
            "testing_tpr_best_thres": 0.8705315920457891,
            "testing_iou_avg_best_thres": 0.786049976842201,
            "testing_f1_avg_best_thres": 0.8797345923059255,
            "testing_fpr_avg_best_thres": 0.005376178610970766,
            "testing_tpr_avg_best_thres": 0.8781315389528866
        },
        {
            "split_index": 1,
            "test_samples": [
                "R_008",
                "R_014",
                "R_019",
                "Z_011",
                "Z_015",
                "Z_016"
            ],
            "roc_auc": 0.9734650366023512,
            "testing_iou_thres_0_5": 0.6985913896507827,
            "testing_f1_thres_0_5": 0.8174466503152713,
            "testing_fpr_thres_0_5": 0.002941893237067826,
            "testing_tpr_thres_0_5": 0.778526249891184,
            "testing_best_thres": 0.0002396868512732908,
            "testing_iou_best_thres": 0.7003679659825179,
            "testing_f1_best_thres": 0.8191729884898097,
            "testing_fpr_best_thres": 0.005013575399659587,
            "testing_tpr_best_thres": 0.8231057326820604,
            "testing_iou_avg_best_thres": 0.7025628460117991,
            "testing_f1_avg_best_thres": 0.8205631362074888,
            "testing_fpr_avg_best_thres": 0.003689447919192618,
            "testing_tpr_avg_best_thres": 0.7989730941987164
        },
        {
            "split_index": 2,
            "test_samples": [
                "R_009",
                "R_015",
                "R_020",
                "Z_006",
                "Z_009",
                "Z_019"
            ],
            "roc_auc": 0.9973172246243903,
            "testing_iou_thres_0_5": 0.8018909180209012,
            "testing_f1_thres_0_5": 0.8889445108081541,
            "testing_fpr_thres_0_5": 0.002999528821480569,
            "testing_tpr_thres_0_5": 0.8894264466977142,
            "testing_best_thres": 0.0006538155721500516,
            "testing_iou_best_thres": 0.7866908466599308,
            "testing_f1_best_thres": 0.8799520168209455,
            "testing_fpr_best_thres": 0.005002347088078675,
            "testing_tpr_best_thres": 0.9281575501898846,
            "testing_iou_avg_best_thres": 0.7989740467768923,
            "testing_f1_avg_best_thres": 0.8873861184607602,
            "testing_fpr_avg_best_thres": 0.0038018815238381374,
            "testing_tpr_avg_best_thres": 0.9087145997911744
        },
        {
            "split_index": 3,
            "test_samples": [
                "R_004",
                "R_005",
                "R_016",
                "Z_002",
                "Z_007",
                "Z_010"
            ],
            "roc_auc": 0.971707054949871,
            "testing_iou_thres_0_5": 0.7281273881021804,
            "testing_f1_thres_0_5": 0.8298447105838975,
            "testing_fpr_thres_0_5": 0.0024251478658367264,
            "testing_tpr_thres_0_5": 0.8322488170375509,
            "testing_best_thres": 2.747854296103469e-06,
            "testing_iou_best_thres": 0.692935496911285,
            "testing_f1_best_thres": 0.8096437139239728,
            "testing_fpr_best_thres": 0.004984727384974914,
            "testing_tpr_best_thres": 0.8802406829476492,
            "testing_iou_avg_best_thres": 0.7230038622498789,
            "testing_f1_avg_best_thres": 0.8267574790074573,
            "testing_fpr_avg_best_thres": 0.0030503346403808903,
            "testing_tpr_avg_best_thres": 0.8485411876029268
        },
        {
            "split_index": 4,
            "test_samples": [
                "R_007",
                "R_013",
                "R_017",
                "Z_003",
                "Z_012",
                "Z_018"
            ],
            "roc_auc": 0.9772822303091491,
            "testing_iou_thres_0_5": 0.741048325891381,
            "testing_f1_thres_0_5": 0.849509474258638,
            "testing_fpr_thres_0_5": 0.0029537963120099334,
            "testing_tpr_thres_0_5": 0.8303580541316712,
            "testing_best_thres": 0.00010658253449946642,
            "testing_iou_best_thres": 0.7331202730369508,
            "testing_f1_best_thres": 0.8437671742511966,
            "testing_fpr_best_thres": 0.004990844051745816,
            "testing_tpr_best_thres": 0.8697545007604197,
            "testing_iou_avg_best_thres": 0.7395144440159397,
            "testing_f1_avg_best_thres": 0.8483846194819572,
            "testing_fpr_avg_best_thres": 0.0036100862365807864,
            "testing_tpr_avg_best_thres": 0.845885181817808
        }
    ],
    "average_testing_roc_auc": 0.98108439897465,
    "average_testing_iou_thres_0_5": 0.750408062923668,
    "average_testing_f1_thres_0_5": 0.8526325759950744,
    "average_testing_fpr_thres_0_5": 0.003191824979112117,
    "average_testing_tpr_thres_0_5": 0.8384673560406641,
    "average_testing_best_thres": 0.032663294585972835,
    "average_testing_iou_avg_best_thres": 0.7500210351793422,
    "average_testing_f1_avg_best_thres": 0.852565189092718,
    "average_testing_fpr_avg_best_thres": 0.0039055857861926392,
    "average_testing_tpr_avg_best_thres": 0.8560491204727025
}