{
    "total_execution_time_seconds": 755.1597621440887,
    "splits": [
        {
            "split_index": 0,
            "test_samples": [
                "R_006",
                "R_010",
                "R_012",
                "Z_004",
                "Z_013",
                "Z_017"
            ],
            "roc_auc": 0.9856518191866782,
            "testing_iou_thres_0_5": 0.7823822929530947,
            "testing_f1_thres_0_5": 0.8774175340094109,
            "testing_fpr_thres_0_5": 0.004638758659165532,
            "testing_tpr_thres_0_5": 0.8617772124452001,
            "testing_best_thres": 0.15896017849445343,
            "testing_iou_best_thres": 0.7848948523332943,
            "testing_f1_best_thres": 0.8790082332409138,
            "testing_fpr_best_thres": 0.0050014298337997054,
            "testing_tpr_best_thres": 0.8707412356516592,
            "testing_iou_avg_best_thres": null,
            "testing_f1_avg_best_thres": null,
            "testing_fpr_avg_best_thres": null,
            "testing_tpr_avg_best_thres": null
        },
        {
            "split_index": 1,
            "test_samples": [
                "R_008",
                "R_014",
                "R_019",
                "Z_011",
                "Z_015",
                "Z_016"
            ],
            "roc_auc": 0.9734630232443852,
            "testing_iou_thres_0_5": 0.6985913896507827,
            "testing_f1_thres_0_5": 0.8174466503152713,
            "testing_fpr_thres_0_5": 0.002941893237067826,
            "testing_tpr_thres_0_5": 0.778526249891184,
            "testing_best_thres": 0.0002526625175960362,
            "testing_iou_best_thres": 0.700579498073599,
            "testing_f1_best_thres": 0.8193219875677978,
            "testing_fpr_best_thres": 0.004997824935936772,
            "testing_tpr_best_thres": 0.8229372122910932,
            "testing_iou_avg_best_thres": null,
            "testing_f1_avg_best_thres": null,
            "testing_fpr_avg_best_thres": null,
            "testing_tpr_avg_best_thres": null
        },
        {
            "split_index": 2,
            "test_samples": [
                "R_009",
                "R_015",
                "R_020",
                "Z_006",
                "Z_009",
                "Z_019"
            ],
            "roc_auc": 0.9973169310106317,
            "testing_iou_thres_0_5": 0.8023043942205029,
            "testing_f1_thres_0_5": 0.8892199256131059,
            "testing_fpr_thres_0_5": 0.002999528821480569,
            "testing_tpr_thres_0_5": 0.8894264466977142,
            "testing_best_thres": 0.0006538155721500516,
            "testing_iou_best_thres": 0.7865946517536367,
            "testing_f1_best_thres": 0.8798901807104919,
            "testing_fpr_best_thres": 0.005002347088078675,
            "testing_tpr_best_thres": 0.9281575501898846,
            "testing_iou_avg_best_thres": null,
            "testing_f1_avg_best_thres": null,
            "testing_fpr_avg_best_thres": null,
            "testing_tpr_avg_best_thres": null
        },
        {
            "split_index": 3,
            "test_samples": [
                "R_004",
                "R_005",
                "R_016",
                "Z_002",
                "Z_007",
                "Z_010"
            ],
            "roc_auc": 0.9717065878715558,
            "testing_iou_thres_0_5": 0.7281273881021804,
            "testing_f1_thres_0_5": 0.8298447105838975,
            "testing_fpr_thres_0_5": 0.0024251478658367264,
            "testing_tpr_thres_0_5": 0.8322488170375509,
            "testing_best_thres": 2.3320744730881415e-06,
            "testing_iou_best_thres": 0.6927566994772835,
            "testing_f1_best_thres": 0.8095302253626065,
            "testing_fpr_best_thres": 0.0050010661863604455,
            "testing_tpr_best_thres": 0.8802406829476492,
            "testing_iou_avg_best_thres": null,
            "testing_f1_avg_best_thres": null,
            "testing_fpr_avg_best_thres": null,
            "testing_tpr_avg_best_thres": null
        },
        {
            "split_index": 4,
            "test_samples": [
                "R_007",
                "R_013",
                "R_017",
                "Z_003",
                "Z_012",
                "Z_018"
            ],
            "roc_auc": 0.9772794376648917,
            "testing_iou_thres_0_5": 0.741048325891381,
            "testing_f1_thres_0_5": 0.849509474258638,
            "testing_fpr_thres_0_5": 0.0029537963120099334,
            "testing_tpr_thres_0_5": 0.8303580541316712,
            "testing_best_thres": 0.0001032028449117206,
            "testing_iou_best_thres": 0.7329599266975618,
            "testing_f1_best_thres": 0.8436454632754589,
            "testing_fpr_best_thres": 0.005001016973301264,
            "testing_tpr_best_thres": 0.8699926386638573,
            "testing_iou_avg_best_thres": null,
            "testing_f1_avg_best_thres": null,
            "testing_fpr_avg_best_thres": null,
            "testing_tpr_avg_best_thres": null
        }
    ],
    "average_testing_roc_auc": 0.9810835597956284,
    "average_testing_iou_thres_0_5": 0.7504907581635883,
    "average_testing_f1_thres_0_5": 0.8526876589560647,
    "average_testing_fpr_thres_0_5": 0.003191824979112117,
    "average_testing_tpr_thres_0_5": 0.8384673560406641,
    "average_testing_best_thres": 0.03199443830071687,
    "average_testing_iou_avg_best_thres": null,
    "average_testing_f1_avg_best_thres": null,
    "average_testing_fpr_avg_best_thres": null,
    "average_testing_tpr_avg_best_thres": null
}