epoch,step,test_dice_epoch,test_dice_step,test_fpr_epoch,test_fpr_step,test_loss_epoch,test_loss_step,test_mean_iou_epoch,test_mean_iou_step,test_precision_epoch,test_precision_step,test_tpr_recall_epoch,test_tpr_recall_step
,0,,0.9210238456726074,,0.004182733129709959,,0.07946091890335083,,0.8536090850830078,,0.9426780343055725,,0.9003421664237976
0,0,0.9210238456726074,,0.004182733129709959,,0.07946091890335083,,0.8536090850830078,,0.9426780343055725,,0.9003421664237976,
