epoch,step,test_dice_epoch,test_dice_step,test_fpr_epoch,test_fpr_step,test_loss_epoch,test_loss_step,test_mean_iou_epoch,test_mean_iou_step,test_precision_epoch,test_precision_step,test_tpr_recall_epoch,test_tpr_recall_step
,0,,0.9210238456726074,,0.004182733129709959,,0.07946091890335083,,0.8536090850830078,,0.9426780343055725,,0.9003421664237976
,1,,0.6890756487846375,,0.0013857926242053509,,0.31133121252059937,,0.5256410241127014,,0.640625,,0.7454545497894287
,2,,0.9188405871391296,,0.0009405910386703908,,0.07990998029708862,,0.8498659729957581,,0.9109195470809937,,0.9269005656242371
,3,,0.8611825108528137,,0.0015799228567630053,,0.1420552134513855,,0.7562077045440674,,0.8656330704689026,,0.8567774891853333
,4,,0.9051490426063538,,0.00111721723806113,,0.09598463773727417,,0.8267326951026917,,0.9002695679664612,,0.9100817441940308
,5,,0.8548387289047241,,0.0015932837268337607,,0.1406446099281311,,0.7464788556098938,,0.8359621167182922,,0.8745874762535095
0,0,0.8583517670631409,,0.0017999233677983284,,0.14156442880630493,,0.7597558498382568,,0.8493478894233704,,0.8690240383148193,
