epoch,step,test_dice_epoch,test_dice_step,test_fpr_epoch,test_fpr_step,test_loss_epoch,test_loss_step,test_mean_iou_epoch,test_mean_iou_step,test_precision_epoch,test_precision_step,test_tpr_recall_epoch,test_tpr_recall_step
,0,,0.7566137313842773,,0.002014832105487585,,0.24367444217205048,,0.6541464924812317,,0.9071226716041565,,0.7991706728935242
0,0,0.7566137313842773,,0.002014832105487585,,0.24367444217205048,,0.6541464924812317,,0.9071226716041565,,0.7991706728935242,
