epoch,step,test_dice_epoch,test_dice_step,test_fpr_epoch,test_fpr_step,test_loss_epoch,test_loss_step,test_mean_iou_epoch,test_mean_iou_step,test_precision_epoch,test_precision_step,test_tpr_recall_epoch,test_tpr_recall_step
,0,,0.8262295126914978,,0.0013931231806054711,,0.1736905574798584,,0.7039105892181396,,0.8795811533927917,,0.7789798974990845
0,0,0.8262295126914978,,0.0013931231806054711,,0.1736905574798584,,0.7039105892181396,,0.8795811533927917,,0.7789798974990845,
