epoch,step,test_dice_epoch,test_dice_step,test_fpr_epoch,test_fpr_step,test_loss_epoch,test_loss_step,test_mean_iou_epoch,test_mean_iou_step,test_precision_epoch,test_precision_step,test_tpr_recall_epoch,test_tpr_recall_step
,0,,0.8678627014160156,,0.0033902600407600403,,0.13204306364059448,,0.7687131762504578,,0.887384831905365,,0.8626561760902405
0,0,0.8678627014160156,,0.0033902600407600403,,0.13204306364059448,,0.7687131762504578,,0.887384831905365,,0.8626561760902405,
