epoch,step,test_dice_epoch,test_dice_step,test_fpr_epoch,test_fpr_step,test_loss_epoch,test_loss_step,test_mean_iou_epoch,test_mean_iou_step,test_precision_epoch,test_precision_step,test_tpr_recall_epoch,test_tpr_recall_step
,0,,0.8783592581748962,,0.003294755471870303,,0.12207251787185669,,0.7831021547317505,,0.921820878982544,,0.8388113379478455
0,0,0.8783592581748962,,0.003294755471870303,,0.12207251787185669,,0.7831021547317505,,0.921820878982544,,0.8388113379478455,
