epoch,step,test_dice_epoch,test_dice_step,test_fpr_epoch,test_fpr_step,test_loss_epoch,test_loss_step,test_mean_iou_epoch,test_mean_iou_step,test_precision_epoch,test_precision_step,test_tpr_recall_epoch,test_tpr_recall_step
,0,,0.8703007698059082,,0.0016032321145758033,,0.13044053316116333,,0.7703827023506165,,0.9652536511421204,,0.7923559546470642
0,0,0.8703007698059082,,0.0016032321145758033,,0.13044053316116333,,0.7703827023506165,,0.9652536511421204,,0.7923559546470642,
