epoch,step,test_dice_epoch,test_dice_step,test_fpr_epoch,test_fpr_step,test_loss_epoch,test_loss_step,test_mean_iou_epoch,test_mean_iou_step,test_precision_epoch,test_precision_step,test_tpr_recall_epoch,test_tpr_recall_step
,0,,0.8703007698059082,,0.0016032321145758033,,0.13044053316116333,,0.7703827023506165,,0.9652536511421204,,0.7923559546470642
,1,,0.7960634231567383,,0.0050976271741092205,,0.20328110456466675,,0.6612170934677124,,0.8152295351028442,,0.7777777910232544
,2,,0.9055425524711609,,0.004308144096285105,,0.09670770168304443,,0.8273894190788269,,0.9279999732971191,,0.8841463327407837
,3,,0.7445255517959595,,0.0005144344177097082,,0.25035715103149414,,0.5930232405662537,,0.75,,0.739130437374115
,4,,0.6952624917030334,,0.00329680391587317,,0.3037028908729553,,0.5328753590583801,,0.8341013789176941,,0.5960482954978943
,5,,0.8929851651191711,,0.0028311177156865597,,0.10637819766998291,,0.8066604733467102,,0.9045643210411072,,0.8816986680030823
0,0,0.8174467086791992,,0.0029418934136629105,,0.18181125819683075,,0.698591411113739,,0.8661914467811584,,0.778526246547699,
