epoch,step,test_dice_epoch,test_dice_step,test_fpr_epoch,test_fpr_step,test_loss_epoch,test_loss_step,test_mean_iou_epoch,test_mean_iou_step,test_precision_epoch,test_precision_step,test_tpr_recall_epoch,test_tpr_recall_step
,0,,0.9258920550346375,,0.004062179941684008,,0.07457441091537476,,0.8620102405548096,,0.9409576654434204,,0.9113011956214905
,1,,0.9252021312713623,,0.004458818584680557,,0.07540440559387207,,0.8608150482177734,,0.9062706232070923,,0.944941520690918
,2,,0.9266471266746521,,0.004186256323009729,,0.0736117959022522,,0.8633200526237488,,0.9303695559501648,,0.9229543209075928
,3,,0.8835489749908447,,0.0034144390374422073,,0.11567318439483643,,0.7913907170295715,,0.8659420013427734,,0.9018868207931519
,4,,0.8598574995994568,,0.006917464081197977,,0.14049899578094482,,0.7541666626930237,,0.8526244759559631,,0.8672142624855042
,5,,0.924369752407074,,0.003503441344946623,,0.0751991868019104,,0.859375,,0.9108833074569702,,0.9382615685462952
0,0,0.9075862765312195,,0.0044237663969397545,,0.09249366074800491,,0.831846296787262,,0.9011746048927307,,0.9144265651702881,
