epoch,step,test_dice_epoch,test_dice_step,test_fpr_epoch,test_fpr_step,test_loss_epoch,test_loss_step,test_mean_iou_epoch,test_mean_iou_step,test_precision_epoch,test_precision_step,test_tpr_recall_epoch,test_tpr_recall_step
,0,,0.9258920550346375,,0.004062179941684008,,0.07457441091537476,,0.8620102405548096,,0.9409576654434204,,0.9113011956214905
0,0,0.9258920550346375,,0.004062179941684008,,0.07457441091537476,,0.8620102405548096,,0.9409576654434204,,0.9113011956214905,
