epoch,step,test_dice_epoch,test_dice_step,test_fpr_epoch,test_fpr_step,test_loss_epoch,test_loss_step,test_mean_iou_epoch,test_mean_iou_step,test_precision_epoch,test_precision_step,test_tpr_recall_epoch,test_tpr_recall_step
,0,,0.9096729755401611,,0.0052136643789708614,,0.09067940711975098,,0.8343120813369751,,0.9242565035820007,,0.895542562007904
,1,,0.8825852870941162,,0.0032342136837542057,,0.11667776107788086,,0.7898457646369934,,0.922672688961029,,0.8458362221717834
,2,,0.8818132877349854,,0.006118374411016703,,0.11878204345703125,,0.78861004114151,,0.8958333134651184,,0.8682252764701843
,3,,0.8706467747688293,,0.0034759605769068003,,0.12841826677322388,,0.7709251046180725,,0.8610085844993591,,0.8805031180381775
,4,,0.8316344618797302,,0.006348905619233847,,0.16861772537231445,,0.7117930054664612,,0.8547688126564026,,0.8097193837165833
,5,,0.8881524205207825,,0.0034414336550980806,,0.11086273193359375,,0.7988077402114868,,0.9061707258224487,,0.8708367347717285
0,0,0.8774175643920898,,0.0046387589536607265,,0.1223396584391594,,0.7823822498321533,,0.8941184878349304,,0.8617772459983826,
