epoch,step,test_dice_epoch,test_dice_step,test_fpr_epoch,test_fpr_step,test_loss_epoch,test_loss_step,test_mean_iou_epoch,test_mean_iou_step,test_precision_epoch,test_precision_step,test_tpr_recall_epoch,test_tpr_recall_step
,0,,0.8072835206985474,,0.0018539391458034515,,0.1931425780057907,,0.6907826662063599,,0.8627304434776306,,0.8992469310760498
0,0,0.8072835803031921,,0.0018539391458034515,,0.1931425780057907,,0.6907827258110046,,0.8627304434776306,,0.8992469310760498,
