epoch,step,test_dice_epoch,test_dice_step,test_fpr_epoch,test_fpr_step,test_loss_epoch,test_loss_step,test_mean_iou_epoch,test_mean_iou_step,test_precision_epoch,test_precision_step,test_tpr_recall_epoch,test_tpr_recall_step
,0,,0.8830699920654297,,0.004100015386939049,,0.11867552995681763,,0.7906224727630615,,0.8810811042785645,,0.885067880153656
0,0,0.8830699920654297,,0.004100015386939049,,0.11867552995681763,,0.7906224727630615,,0.8810811042785645,,0.885067880153656,
