epoch,step,test_dice_epoch,test_dice_step,test_fpr_epoch,test_fpr_step,test_loss_epoch,test_loss_step,test_mean_iou_epoch,test_mean_iou_step,test_precision_epoch,test_precision_step,test_tpr_recall_epoch,test_tpr_recall_step
,0,,0.8830699920654297,,0.004100015386939049,,0.11867552995681763,,0.7906224727630615,,0.8810811042785645,,0.885067880153656
,1,,0.8877642154693604,,0.0037294402718544006,,0.11281263828277588,,0.7981798648834229,,0.9272388219833374,,0.8515134453773499
,2,,0.8933038711547852,,0.002895693527534604,,0.10664552450180054,,0.8071808218955994,,0.8659058213233948,,0.9224923849105835
,3,,0.9534282088279724,,0.001505653839558363,,0.048076748847961426,,0.9110012650489807,,0.9376590251922607,,0.9697368144989014
,4,,0.833806037902832,,0.0036936413962394,,0.16606175899505615,,0.7149805426597595,,0.8586448431015015,,0.8103638291358948
,5,,0.8831683397293091,,0.0020422469824552536,,0.11838710308074951,,0.7907801270484924,,0.8693957328796387,,0.8973842859268188
0,0,0.8890900611877441,,0.002994448645040393,,0.11177655309438705,,0.8021242022514343,,0.8899875283241272,,0.8894264698028564,
