epoch,step,test_dice_epoch,test_dice_step,test_fpr_epoch,test_fpr_step,test_loss_epoch,test_loss_step,test_mean_iou_epoch,test_mean_iou_step,test_precision_epoch,test_precision_step,test_tpr_recall_epoch,test_tpr_recall_step
,0,,0.8336842060089111,,0.005667118355631828,,0.16437995433807373,,0.7148014307022095,,0.7634961605072021,,0.9180834889411926
0,0,0.8336842060089111,,0.005667118355631828,,0.16437995433807373,,0.7148014307022095,,0.7634961605072021,,0.9180834889411926,
