epoch,step,test_dice_epoch,test_dice_step,test_fpr_epoch,test_fpr_step,test_loss_epoch,test_loss_step,test_mean_iou_epoch,test_mean_iou_step,test_precision_epoch,test_precision_step,test_tpr_recall_epoch,test_tpr_recall_step
,0,,0.8336842060089111,,0.005667118355631828,,0.16437995433807373,,0.7148014307022095,,0.7634961605072021,,0.9180834889411926
,1,,0.8460090160369873,,0.0022107833065092564,,0.15420377254486084,,0.7331158518791199,,0.9710457921028137,,0.7494996786117554
,2,,0.8661800622940063,,0.0015723746037110686,,0.13206720352172852,,0.7639485001564026,,0.8725489974021912,,0.8599033951759338
,3,,0.9005185961723328,,0.002041521482169628,,0.10158038139343262,,0.8190394639968872,,0.936274528503418,,0.8673932552337646
,4,,0.8894192576408386,,0.005480927415192127,,0.11042654514312744,,0.8008595705032349,,0.9064865112304688,,0.8729828000068665
,5,,0.7612456679344177,,0.000750052509829402,,0.23749715089797974,,0.6145251393318176,,0.8148148059844971,,0.7142857313156128
0,0,0.8495094776153564,,0.00295379594899714,,0.15002582967281342,,0.7410483360290527,,0.8774444460868835,,0.83035808801651,
