epoch,step,test_dice_epoch,test_dice_step,test_fpr_epoch,test_fpr_step,test_loss_epoch,test_loss_step,test_mean_iou_epoch,test_mean_iou_step,test_precision_epoch,test_precision_step,test_tpr_recall_epoch,test_tpr_recall_step
,0,,0.9129082560539246,,0.001601576921530068,,0.08680063486099243,,0.8397710919380188,,0.9186228513717651,,0.9072642922401428
0,0,0.9129082560539246,,0.001601576921530068,,0.08680063486099243,,0.8397710919380188,,0.9186228513717651,,0.9072642922401428,
