epoch,step,test_dice_epoch,test_dice_step,test_fpr_epoch,test_fpr_step,test_loss_epoch,test_loss_step,test_mean_iou_epoch,test_mean_iou_step,test_precision_epoch,test_precision_step,test_tpr_recall_epoch,test_tpr_recall_step
,0,,0.9129082560539246,,0.001601576921530068,,0.08680063486099243,,0.8397710919380188,,0.9186228513717651,,0.9072642922401428
,1,,0.8991864323616028,,0.0037616314366459846,,0.10151821374893188,,0.8168380260467529,,0.9570783376693726,,0.8478986024856567
,2,,0.8503254055976868,,0.0035076048225164413,,0.14941668510437012,,0.7396226525306702,,0.7716535329818726,,0.9468598961830139
,3,,0.9226544499397278,,0.002387009561061859,,0.07985657453536987,,0.8564146161079407,,0.9298893213272095,,0.9155313372612
,4,,0.8963317275047302,,0.004910657647997141,,0.10513532161712646,,0.8121387362480164,,0.9158066511154175,,0.8776679039001465
,5,,0.8380952477455139,,0.0008700609323568642,,0.15953880548477173,,0.7213114500045776,,0.8198757767677307,,0.8571428656578064
0,0,0.8865835666656494,,0.0028397568967193365,,0.11371103674173355,,0.7976827621459961,,0.8854877352714539,,0.8920608162879944,
